externalId,title,salePrice,originalPrice,imageUrl,affiliateUrl,category,inStock
B0C1QDNP2G,"JBL Tune Buds True Wireless Noise Cancelling Earbuds",49.95,99.95,"https://www.jbl.com.sg/dw/image/v2/AAUJ_PRD/on/demandware.static/-/Sites-masterCatalog_Harman/default/dwd9e4599a/1a.JBL_Tune Buds_Product Image_Hero_Blue.png?sw=537&sfrm=png",https://www.amazon.com/dp/B0C1QDNP2G?tag=dealriz-20,Electronics,true
B0FKLBF8H3,"Traveler's Choice Maxporter II Hardshell Expandable Luggage",74.78,109.99,https://m.media-amazon.com/images/I/712NJQzncPL.jpg,https://www.amazon.com/dp/B0FKLBF8H3?tag=dealriz-20,Travel,true
B0FVFL86M9,"Dreame Ultra Robot Vacuum with Powerful Suction",499.99,749.99,https://az.dreametech.com/wp-content/uploads/2025/10/Dreame-X50-Ultra-Complete-Black-9-768x768.webp,https://www.amazon.com/dp/B0FVFL86M9?tag=dealriz-20,Home,true
B09Z387FKD,"Adjustable Stand with USB-C Charging",19.99,26.99,https://www.offerland.store/cdn/shop/files/ThK7K5BtS5lDkN9KvBXojcMZZYpfVh7ULJb08GTg.webp?v=1775153610&width=324,https://www.amazon.com/dp/B09Z387FKD?tag=dealriz-20,Electronics,true
B0C3M9WBQF,"Slopehill Professional Hair Dryer with Concentrator Attachments",29.95,39.99,https://m.media-amazon.com/images/I/71RRkmjGoEL.jpg,https://www.amazon.com/dp/B0C3M9WBQF?tag=dealriz-20,Health,true
B0DJFBF3SH,"Ninja Specialty Single-Serve Coffee Maker (K-Cup Compatible)",99.98,129.99,"https://www.dwellingstrinidad.com/web/image/product.image/55424/image_1024/Ninja%20Specialty%2010-Cup%20Coffee%20Maker%20with%204%20Brew%20Styles?unique=8d943e8",https://www.amazon.com/dp/B0DJFBF3SH?tag=dealriz-20,Home,true
B0H3CTMVQX,"Belkin USB-C Wired Keyboard with Stand",31.99,39.99,https://images.lasoo.com.au/assets/product/538933/1Q7R4KGWOpAeZhyfuWp00WA_8.jpg.f16c3f430bf530d1d74cc332cf232373.webp?width=1920&quality=75,https://www.amazon.com/dp/B0H3CTMVQX?tag=dealriz-20,Electronics,true
B09NHWJRFM,"KitchenAid Artisan Series 5 Stand Mixer KSM150PS - Scorched Orange",379.99,499.99,"https://kindredpact.com/_next/image?url=https%3A%2F%2Fkindredpact.com%2Fuploads%2Fremote%2F1a5f10948093256efe5958235c6576272a4ed22e.jpg&w=750&q=75",https://www.amazon.com/dp/B09NHWJRFM?tag=dealriz-20,Home,true
B0GTC1YL5T,"Ninja FrostVault Cooler with Dry Storage",199.99,249.99,https://assets.sharkninja.com/image/upload/f_auto/q_auto/SharkNinja-NA/FB242WH_01.jpg,https://www.amazon.com/dp/B0GTC1YL5T?tag=dealriz-20,Sports,true
B0GP33J4M4,"High-Performance 2200W Steam Iron with Self-Cleaning",279.99,329.99,"https://media.tatacroma.com/Croma%20Assets/Small%20Appliances/Garment%20Care/Images/316265_0_b9KQ714EX.png?updatedAt=1756915679311",https://www.amazon.com/dp/B0GP33J4M4?tag=dealriz-20,Home,true
